symbol,session,hour_pacific,boundary_kind,nearest_observation_pacific,nearest_gap_minutes,within_5m,observation_price
AAPL,2026-09-08,4,open_after,2026-09-08 04:00:00-07:00,0.0,True,318.6
AAPL,2026-09-08,4,close_before,2026-09-08 03:59:00-07:00,1.0,True,318.6
AAPL,2026-09-08,5,open_after,2026-09-08 05:00:00-07:00,0.0,True,318.49
AAPL,2026-09-08,5,close_before,2026-09-08 05:00:00-07:00,0.0,True,318.47
AAPL,2026-09-08,6,open_after,2026-09-08 06:00:00-07:00,0.0,True,317.73
AAPL,2026-09-08,6,close_before,2026-09-08 06:00:00-07:00,0.0,True,317.78
AAPL,2026-09-08,7,open_after,2026-09-08 07:00:00-07:00,0.0,True,316.9
AAPL,2026-09-08,7,close_before,2026-09-08 07:00:00-07:00,0.0,True,316.91
AAPL,2026-09-08,8,open_after,2026-09-08 08:00:00-07:00,0.0,True,316.0
AAPL,2026-09-08,8,close_before,2026-09-08 08:00:00-07:00,0.0,True,315.99
AAPL,2026-09-08,9,open_after,2026-09-08 09:00:00-07:00,0.0,True,316.065
AAPL,2026-09-08,9,close_before,2026-09-08 09:00:00-07:00,0.0,True,316.07
AAPL,2026-09-08,10,open_after,2026-09-08 10:00:00-07:00,0.0,True,315.99
AAPL,2026-09-08,10,close_before,2026-09-08 10:00:00-07:00,0.0,True,315.99
AAPL,2026-09-08,11,open_after,2026-09-08 11:00:00-07:00,0.0,True,316.025
AAPL,2026-09-08,11,close_before,2026-09-08 11:00:00-07:00,0.0,True,316.025
AAPL,2026-09-08,12,open_after,2026-09-08 12:00:00-07:00,0.0,True,315.53
AAPL,2026-09-08,12,close_before,2026-09-08 12:00:00-07:00,0.0,True,315.51
AAPL,2026-09-08,13,open_after,2026-09-08 13:00:00-07:00,0.0,True,316.3
AAPL,2026-09-08,13,close_before,2026-09-08 13:00:00-07:00,0.0,True,316.31
AAPL,2026-09-08,14,open_after,2026-09-08 14:00:00-07:00,0.0,True,316.4
AAPL,2026-09-08,14,close_before,2026-09-08 14:00:00-07:00,0.0,True,316.39
AAPL,2026-09-08,15,open_after,2026-09-08 15:00:00-07:00,0.0,True,316.34
AAPL,2026-09-08,15,close_before,2026-09-08 15:00:00-07:00,0.0,True,316.34
AAPL,2026-09-08,16,open_after,2026-09-08 16:00:00-07:00,0.0,True,316.39
AAPL,2026-09-08,16,close_before,2026-09-08 16:00:00-07:00,0.0,True,316.39
AAPL,2026-09-08,17,open_after,,,False,
AAPL,2026-09-08,17,close_before,2026-09-08 17:00:00-07:00,0.0,True,316.34
AAPL,2026-09-09,4,open_after,2026-09-09 04:00:00-07:00,0.0,True,315.37
AAPL,2026-09-09,4,close_before,2026-09-09 04:00:00-07:00,0.0,True,315.23
AAPL,2026-09-09,5,open_after,2026-09-09 05:00:00-07:00,0.0,True,315.17
AAPL,2026-09-09,5,close_before,2026-09-09 05:00:00-07:00,0.0,True,315.15
AAPL,2026-09-09,6,open_after,2026-09-09 06:00:00-07:00,0.0,True,315.1
AAPL,2026-09-09,6,close_before,2026-09-09 06:00:00-07:00,0.0,True,315.1
AAPL,2026-09-09,7,open_after,2026-09-09 07:00:00-07:00,0.0,True,317.86
AAPL,2026-09-09,7,close_before,2026-09-09 07:00:00-07:00,0.0,True,317.88
AAPL,2026-09-09,8,open_after,2026-09-09 08:00:00-07:00,0.0,True,313.39
AAPL,2026-09-09,8,close_before,2026-09-09 08:00:00-07:00,0.0,True,313.38
AAPL,2026-09-09,9,open_after,2026-09-09 09:00:00-07:00,0.0,True,313.17
AAPL,2026-09-09,9,close_before,2026-09-09 09:00:00-07:00,0.0,True,313.175
AAPL,2026-09-09,10,open_after,2026-09-09 10:00:00-07:00,0.0,True,314.005
AAPL,2026-09-09,10,close_before,2026-09-09 10:00:00-07:00,0.0,True,314.01
AAPL,2026-09-09,11,open_after,2026-09-09 11:00:00-07:00,0.0,True,313.265
AAPL,2026-09-09,11,close_before,2026-09-09 11:00:00-07:00,0.0,True,313.27
AAPL,2026-09-09,12,open_after,2026-09-09 12:00:00-07:00,0.0,True,316.68
AAPL,2026-09-09,12,close_before,2026-09-09 12:00:00-07:00,0.0,True,316.67
AAPL,2026-09-09,13,open_after,2026-09-09 13:00:00-07:00,0.0,True,315.43
AAPL,2026-09-09,13,close_before,2026-09-09 13:00:00-07:00,0.0,True,315.42
AAPL,2026-09-09,14,open_after,2026-09-09 14:00:00-07:00,0.0,True,315.93
AAPL,2026-09-09,14,close_before,2026-09-09 14:00:00-07:00,0.0,True,315.94
AAPL,2026-09-09,15,open_after,2026-09-09 15:00:00-07:00,0.0,True,317.3
AAPL,2026-09-09,15,close_before,2026-09-09 15:00:00-07:00,0.0,True,317.39
AAPL,2026-09-09,16,open_after,2026-09-09 16:00:00-07:00,0.0,True,317.64
AAPL,2026-09-09,16,close_before,2026-09-09 16:00:00-07:00,0.0,True,317.62
AAPL,2026-09-09,17,open_after,,,False,
AAPL,2026-09-09,17,close_before,2026-09-09 17:00:00-07:00,0.0,True,318.07
AAPL,2026-09-10,4,open_after,2026-09-10 04:00:00-07:00,0.0,True,319.02
AAPL,2026-09-10,4,close_before,2026-09-10 04:00:00-07:00,0.0,True,319.02
AAPL,2026-09-10,5,open_after,2026-09-10 05:00:00-07:00,0.0,True,317.69
AAPL,2026-09-10,5,close_before,2026-09-10 05:00:00-07:00,0.0,True,317.6
AAPL,2026-09-10,6,open_after,2026-09-10 06:00:00-07:00,0.0,True,316.65
AAPL,2026-09-10,6,close_before,2026-09-10 06:00:00-07:00,0.0,True,316.65
AAPL,2026-09-10,7,open_after,2026-09-10 07:00:00-07:00,0.0,True,318.86
AAPL,2026-09-10,7,close_before,2026-09-10 07:00:00-07:00,0.0,True,318.88
AAPL,2026-09-10,8,open_after,2026-09-10 08:00:00-07:00,0.0,True,323.04
AAPL,2026-09-10,8,close_before,2026-09-10 08:00:00-07:00,0.0,True,323.025
AAPL,2026-09-10,9,open_after,2026-09-10 09:00:00-07:00,0.0,True,319.56
AAPL,2026-09-10,9,close_before,2026-09-10 09:00:00-07:00,0.0,True,319.57
AAPL,2026-09-10,10,open_after,2026-09-10 10:00:00-07:00,0.0,True,323.35
AAPL,2026-09-10,10,close_before,2026-09-10 10:00:00-07:00,0.0,True,323.35
AAPL,2026-09-10,11,open_after,2026-09-10 11:00:00-07:00,0.0,True,325.03
AAPL,2026-09-10,11,close_before,2026-09-10 11:00:00-07:00,0.0,True,325.015
AAPL,2026-09-10,12,open_after,2026-09-10 12:00:00-07:00,0.0,True,325.38
AAPL,2026-09-10,12,close_before,2026-09-10 12:00:00-07:00,0.0,True,325.37
AAPL,2026-09-10,13,open_after,2026-09-10 13:00:00-07:00,0.0,True,326.64
AAPL,2026-09-10,13,close_before,2026-09-10 13:00:00-07:00,0.0,True,326.595
AAPL,2026-09-10,14,open_after,2026-09-10 14:00:00-07:00,0.0,True,325.92
AAPL,2026-09-10,14,close_before,2026-09-10 14:00:00-07:00,0.0,True,325.9
AAPL,2026-09-10,15,open_after,2026-09-10 15:00:00-07:00,0.0,True,326.23
AAPL,2026-09-10,15,close_before,2026-09-10 15:00:00-07:00,0.0,True,326.23
AAPL,2026-09-10,16,open_after,2026-09-10 16:00:00-07:00,0.0,True,326.03
AAPL,2026-09-10,16,close_before,2026-09-10 16:00:00-07:00,0.0,True,326.02
AAPL,2026-09-10,17,open_after,,,False,
AAPL,2026-09-10,17,close_before,2026-09-10 17:00:00-07:00,0.0,True,325.79
AAPL,2026-09-11,4,open_after,2026-09-11 04:00:00-07:00,0.0,True,326.19
AAPL,2026-09-11,4,close_before,2026-09-11 04:00:00-07:00,0.0,True,326.18
AAPL,2026-09-11,5,open_after,2026-09-11 05:00:00-07:00,0.0,True,326.67
AAPL,2026-09-11,5,close_before,2026-09-11 05:00:00-07:00,0.0,True,326.67
AAPL,2026-09-11,6,open_after,2026-09-11 06:00:00-07:00,0.0,True,326.07
AAPL,2026-09-11,6,close_before,2026-09-11 06:00:00-07:00,0.0,True,326.19
AAPL,2026-09-11,7,open_after,2026-09-11 07:00:00-07:00,0.0,True,332.36
AAPL,2026-09-11,7,close_before,2026-09-11 07:00:00-07:00,0.0,True,332.4
AAPL,2026-09-11,8,open_after,2026-09-11 08:00:00-07:00,0.0,True,335.02
AAPL,2026-09-11,8,close_before,2026-09-11 08:00:00-07:00,0.0,True,334.98
AAPL,2026-09-11,9,open_after,2026-09-11 09:00:00-07:00,0.0,True,333.92
AAPL,2026-09-11,9,close_before,2026-09-11 09:00:00-07:00,0.0,True,333.92
AAPL,2026-09-11,10,open_after,2026-09-11 10:00:00-07:00,0.0,True,334.74
AAPL,2026-09-11,10,close_before,2026-09-11 10:00:00-07:00,0.0,True,334.75
AAPL,2026-09-11,11,open_after,2026-09-11 11:00:00-07:00,0.0,True,333.4
AAPL,2026-09-11,11,close_before,2026-09-11 11:00:00-07:00,0.0,True,333.38
AAPL,2026-09-11,12,open_after,2026-09-11 12:00:00-07:00,0.0,True,332.52
AAPL,2026-09-11,12,close_before,2026-09-11 12:00:00-07:00,0.0,True,332.5
AAPL,2026-09-11,13,open_after,2026-09-11 13:00:00-07:00,0.0,True,332.24
AAPL,2026-09-11,13,close_before,2026-09-11 13:00:00-07:00,0.0,True,332.23
AAPL,2026-09-11,14,open_after,2026-09-11 14:00:00-07:00,0.0,True,332.69
AAPL,2026-09-11,14,close_before,2026-09-11 14:00:00-07:00,0.0,True,332.67
AAPL,2026-09-11,15,open_after,2026-09-11 15:00:00-07:00,0.0,True,332.49
AAPL,2026-09-11,15,close_before,2026-09-11 14:59:00-07:00,1.0,True,332.5
AAPL,2026-09-11,16,open_after,2026-09-11 16:02:00-07:00,2.0,True,332.58
AAPL,2026-09-11,16,close_before,2026-09-11 16:00:00-07:00,0.0,True,332.56
AAPL,2026-09-11,17,open_after,,,False,
AAPL,2026-09-11,17,close_before,2026-09-11 17:00:00-07:00,0.0,True,332.58
AMZN,2026-09-08,4,open_after,2026-09-08 04:00:00-07:00,0.0,True,256.13
AMZN,2026-09-08,4,close_before,2026-09-08 04:00:00-07:00,0.0,True,256.11
AMZN,2026-09-08,5,open_after,2026-09-08 05:00:00-07:00,0.0,True,256.4
AMZN,2026-09-08,5,close_before,2026-09-08 04:59:00-07:00,1.0,True,256.45
AMZN,2026-09-08,6,open_after,2026-09-08 06:00:00-07:00,0.0,True,255.92
AMZN,2026-09-08,6,close_before,2026-09-08 06:00:00-07:00,0.0,True,255.9
AMZN,2026-09-08,7,open_after,2026-09-08 07:00:00-07:00,0.0,True,256.23
AMZN,2026-09-08,7,close_before,2026-09-08 07:00:00-07:00,0.0,True,256.29
AMZN,2026-09-08,8,open_after,2026-09-08 08:00:00-07:00,0.0,True,256.86
AMZN,2026-09-08,8,close_before,2026-09-08 08:00:00-07:00,0.0,True,256.86
AMZN,2026-09-08,9,open_after,2026-09-08 09:00:00-07:00,0.0,True,256.38
AMZN,2026-09-08,9,close_before,2026-09-08 09:00:00-07:00,0.0,True,256.38
AMZN,2026-09-08,10,open_after,2026-09-08 10:00:00-07:00,0.0,True,257.19
AMZN,2026-09-08,10,close_before,2026-09-08 10:00:00-07:00,0.0,True,257.21
AMZN,2026-09-08,11,open_after,2026-09-08 11:00:00-07:00,0.0,True,256.98
AMZN,2026-09-08,11,close_before,2026-09-08 11:00:00-07:00,0.0,True,256.96
AMZN,2026-09-08,12,open_after,2026-09-08 12:00:00-07:00,0.0,True,256.96
AMZN,2026-09-08,12,close_before,2026-09-08 12:00:00-07:00,0.0,True,256.94
AMZN,2026-09-08,13,open_after,2026-09-08 13:00:00-07:00,0.0,True,256.95
AMZN,2026-09-08,13,close_before,2026-09-08 13:00:00-07:00,0.0,True,256.96
AMZN,2026-09-08,14,open_after,2026-09-08 14:00:00-07:00,0.0,True,257.01
AMZN,2026-09-08,14,close_before,2026-09-08 14:00:00-07:00,0.0,True,257.01
AMZN,2026-09-08,15,open_after,2026-09-08 15:00:00-07:00,0.0,True,256.95
AMZN,2026-09-08,15,close_before,2026-09-08 15:00:00-07:00,0.0,True,256.96
AMZN,2026-09-08,16,open_after,2026-09-08 16:00:00-07:00,0.0,True,257.16
AMZN,2026-09-08,16,close_before,2026-09-08 16:00:00-07:00,0.0,True,257.2
AMZN,2026-09-08,17,open_after,,,False,
AMZN,2026-09-08,17,close_before,2026-09-08 17:00:00-07:00,0.0,True,256.61
AMZN,2026-09-09,4,open_after,2026-09-09 04:00:00-07:00,0.0,True,254.96
AMZN,2026-09-09,4,close_before,2026-09-09 04:00:00-07:00,0.0,True,254.83
AMZN,2026-09-09,5,open_after,2026-09-09 05:00:00-07:00,0.0,True,253.35
AMZN,2026-09-09,5,close_before,2026-09-09 05:00:00-07:00,0.0,True,253.3
AMZN,2026-09-09,6,open_after,2026-09-09 06:00:00-07:00,0.0,True,252.75
AMZN,2026-09-09,6,close_before,2026-09-09 06:00:00-07:00,0.0,True,252.76
AMZN,2026-09-09,7,open_after,2026-09-09 07:00:00-07:00,0.0,True,252.435
AMZN,2026-09-09,7,close_before,2026-09-09 07:00:00-07:00,0.0,True,252.44
AMZN,2026-09-09,8,open_after,2026-09-09 08:00:00-07:00,0.0,True,251.79
AMZN,2026-09-09,8,close_before,2026-09-09 08:00:00-07:00,0.0,True,251.75
AMZN,2026-09-09,9,open_after,2026-09-09 09:00:00-07:00,0.0,True,251.57
AMZN,2026-09-09,9,close_before,2026-09-09 09:00:00-07:00,0.0,True,251.58
AMZN,2026-09-09,10,open_after,2026-09-09 10:00:00-07:00,0.0,True,251.83
AMZN,2026-09-09,10,close_before,2026-09-09 10:00:00-07:00,0.0,True,251.84
AMZN,2026-09-09,11,open_after,2026-09-09 11:00:00-07:00,0.0,True,252.27
AMZN,2026-09-09,11,close_before,2026-09-09 11:00:00-07:00,0.0,True,252.29
AMZN,2026-09-09,12,open_after,2026-09-09 12:00:00-07:00,0.0,True,252.22
AMZN,2026-09-09,12,close_before,2026-09-09 12:00:00-07:00,0.0,True,252.25
AMZN,2026-09-09,13,open_after,2026-09-09 13:00:00-07:00,0.0,True,252.46
AMZN,2026-09-09,13,close_before,2026-09-09 13:00:00-07:00,0.0,True,252.48
AMZN,2026-09-09,14,open_after,2026-09-09 14:00:00-07:00,0.0,True,252.52
AMZN,2026-09-09,14,close_before,2026-09-09 14:00:00-07:00,0.0,True,252.57
AMZN,2026-09-09,15,open_after,2026-09-09 15:00:00-07:00,0.0,True,252.51
AMZN,2026-09-09,15,close_before,2026-09-09 15:00:00-07:00,0.0,True,252.51
AMZN,2026-09-09,16,open_after,2026-09-09 16:00:00-07:00,0.0,True,252.38
AMZN,2026-09-09,16,close_before,2026-09-09 16:00:00-07:00,0.0,True,252.38
AMZN,2026-09-09,17,open_after,,,False,
AMZN,2026-09-09,17,close_before,2026-09-09 17:00:00-07:00,0.0,True,252.55
AMZN,2026-09-10,4,open_after,2026-09-10 04:00:00-07:00,0.0,True,252.75
AMZN,2026-09-10,4,close_before,2026-09-10 04:00:00-07:00,0.0,True,252.8
AMZN,2026-09-10,5,open_after,2026-09-10 05:00:00-07:00,0.0,True,252.42
AMZN,2026-09-10,5,close_before,2026-09-10 05:00:00-07:00,0.0,True,252.4
AMZN,2026-09-10,6,open_after,2026-09-10 06:00:00-07:00,0.0,True,250.44
AMZN,2026-09-10,6,close_before,2026-09-10 06:00:00-07:00,0.0,True,250.42
AMZN,2026-09-10,7,open_after,2026-09-10 07:00:00-07:00,0.0,True,251.32
AMZN,2026-09-10,7,close_before,2026-09-10 07:00:00-07:00,0.0,True,251.29
AMZN,2026-09-10,8,open_after,2026-09-10 08:00:00-07:00,0.0,True,252.79
AMZN,2026-09-10,8,close_before,2026-09-10 08:00:00-07:00,0.0,True,252.8
AMZN,2026-09-10,9,open_after,2026-09-10 09:00:00-07:00,0.0,True,252.39
AMZN,2026-09-10,9,close_before,2026-09-10 09:00:00-07:00,0.0,True,252.38
AMZN,2026-09-10,10,open_after,2026-09-10 10:00:00-07:00,0.0,True,252.83
AMZN,2026-09-10,10,close_before,2026-09-10 10:00:00-07:00,0.0,True,252.87
AMZN,2026-09-10,11,open_after,2026-09-10 11:00:00-07:00,0.0,True,252.11
AMZN,2026-09-10,11,close_before,2026-09-10 11:00:00-07:00,0.0,True,252.12
AMZN,2026-09-10,12,open_after,2026-09-10 12:00:00-07:00,0.0,True,251.81
AMZN,2026-09-10,12,close_before,2026-09-10 12:00:00-07:00,0.0,True,251.83
AMZN,2026-09-10,13,open_after,2026-09-10 13:00:00-07:00,0.0,True,251.89
AMZN,2026-09-10,13,close_before,2026-09-10 13:00:00-07:00,0.0,True,251.88
AMZN,2026-09-10,14,open_after,2026-09-10 14:00:00-07:00,0.0,True,251.85
AMZN,2026-09-10,14,close_before,2026-09-10 14:00:00-07:00,0.0,True,251.84
AMZN,2026-09-10,15,open_after,2026-09-10 15:00:00-07:00,0.0,True,252.0
AMZN,2026-09-10,15,close_before,2026-09-10 14:58:00-07:00,2.0,True,251.95
AMZN,2026-09-10,16,open_after,2026-09-10 16:01:00-07:00,1.0,True,251.86
AMZN,2026-09-10,16,close_before,2026-09-10 16:00:00-07:00,0.0,True,251.86
AMZN,2026-09-10,17,open_after,,,False,
AMZN,2026-09-10,17,close_before,2026-09-10 17:00:00-07:00,0.0,True,251.29
AMZN,2026-09-11,4,open_after,2026-09-11 04:00:00-07:00,0.0,True,253.76
AMZN,2026-09-11,4,close_before,2026-09-11 04:00:00-07:00,0.0,True,253.75
AMZN,2026-09-11,5,open_after,2026-09-11 05:00:00-07:00,0.0,True,253.41
AMZN,2026-09-11,5,close_before,2026-09-11 05:00:00-07:00,0.0,True,253.35
AMZN,2026-09-11,6,open_after,2026-09-11 06:00:00-07:00,0.0,True,254.84
AMZN,2026-09-11,6,close_before,2026-09-11 06:00:00-07:00,0.0,True,254.82
AMZN,2026-09-11,7,open_after,2026-09-11 07:00:00-07:00,0.0,True,256.16
AMZN,2026-09-11,7,close_before,2026-09-11 07:00:00-07:00,0.0,True,256.2
AMZN,2026-09-11,8,open_after,2026-09-11 08:00:00-07:00,0.0,True,254.945
AMZN,2026-09-11,8,close_before,2026-09-11 08:00:00-07:00,0.0,True,254.93
AMZN,2026-09-11,9,open_after,2026-09-11 09:00:00-07:00,0.0,True,255.71
AMZN,2026-09-11,9,close_before,2026-09-11 09:00:00-07:00,0.0,True,255.71
AMZN,2026-09-11,10,open_after,2026-09-11 10:00:00-07:00,0.0,True,255.76
AMZN,2026-09-11,10,close_before,2026-09-11 10:00:00-07:00,0.0,True,255.76
AMZN,2026-09-11,11,open_after,2026-09-11 11:00:00-07:00,0.0,True,256.86
AMZN,2026-09-11,11,close_before,2026-09-11 11:00:00-07:00,0.0,True,256.84
AMZN,2026-09-11,12,open_after,2026-09-11 12:00:00-07:00,0.0,True,257.15
AMZN,2026-09-11,12,close_before,2026-09-11 12:00:00-07:00,0.0,True,257.14
AMZN,2026-09-11,13,open_after,2026-09-11 13:00:00-07:00,0.0,True,256.78
AMZN,2026-09-11,13,close_before,2026-09-11 13:00:00-07:00,0.0,True,256.805
AMZN,2026-09-11,14,open_after,2026-09-11 14:00:00-07:00,0.0,True,256.58
AMZN,2026-09-11,14,close_before,2026-09-11 14:00:00-07:00,0.0,True,256.51
AMZN,2026-09-11,15,open_after,2026-09-11 15:01:00-07:00,1.0,True,256.75
AMZN,2026-09-11,15,close_before,2026-09-11 15:00:00-07:00,0.0,True,256.78
AMZN,2026-09-11,16,open_after,2026-09-11 16:03:00-07:00,3.0,True,256.65
AMZN,2026-09-11,16,close_before,2026-09-11 16:00:00-07:00,0.0,True,256.62
AMZN,2026-09-11,17,open_after,,,False,
AMZN,2026-09-11,17,close_before,2026-09-11 17:00:00-07:00,0.0,True,256.7
GOOG,2026-09-08,4,open_after,2026-09-08 04:00:00-07:00,0.0,True,333.15
GOOG,2026-09-08,4,close_before,2026-09-08 04:00:00-07:00,0.0,True,333.1
GOOG,2026-09-08,5,open_after,2026-09-08 05:00:00-07:00,0.0,True,333.13
GOOG,2026-09-08,5,close_before,2026-09-08 05:00:00-07:00,0.0,True,333.15
GOOG,2026-09-08,6,open_after,2026-09-08 06:00:00-07:00,0.0,True,333.14
GOOG,2026-09-08,6,close_before,2026-09-08 06:00:00-07:00,0.0,True,333.13
GOOG,2026-09-08,7,open_after,2026-09-08 07:00:00-07:00,0.0,True,331.08
GOOG,2026-09-08,7,close_before,2026-09-08 07:00:00-07:00,0.0,True,331.11
GOOG,2026-09-08,8,open_after,2026-09-08 08:00:00-07:00,0.0,True,334.04
GOOG,2026-09-08,8,close_before,2026-09-08 08:00:00-07:00,0.0,True,334.02
GOOG,2026-09-08,9,open_after,2026-09-08 09:00:00-07:00,0.0,True,335.34
GOOG,2026-09-08,9,close_before,2026-09-08 09:00:00-07:00,0.0,True,335.38
GOOG,2026-09-08,10,open_after,2026-09-08 10:00:00-07:00,0.0,True,335.55
GOOG,2026-09-08,10,close_before,2026-09-08 10:00:00-07:00,0.0,True,335.56
GOOG,2026-09-08,11,open_after,2026-09-08 11:00:00-07:00,0.0,True,335.595
GOOG,2026-09-08,11,close_before,2026-09-08 11:00:00-07:00,0.0,True,335.59
GOOG,2026-09-08,12,open_after,2026-09-08 12:00:00-07:00,0.0,True,334.65
GOOG,2026-09-08,12,close_before,2026-09-08 12:00:00-07:00,0.0,True,334.64
GOOG,2026-09-08,13,open_after,2026-09-08 13:00:00-07:00,0.0,True,335.4
GOOG,2026-09-08,13,close_before,2026-09-08 13:00:00-07:00,0.0,True,335.41
GOOG,2026-09-08,14,open_after,2026-09-08 14:00:00-07:00,0.0,True,335.11
GOOG,2026-09-08,14,close_before,2026-09-08 14:00:00-07:00,0.0,True,335.1
GOOG,2026-09-08,15,open_after,2026-09-08 15:00:00-07:00,0.0,True,335.27
GOOG,2026-09-08,15,close_before,2026-09-08 14:59:00-07:00,1.0,True,335.27
GOOG,2026-09-08,16,open_after,2026-09-08 16:01:00-07:00,1.0,True,335.92
GOOG,2026-09-08,16,close_before,2026-09-08 16:00:00-07:00,0.0,True,335.9
GOOG,2026-09-08,17,open_after,,,False,
GOOG,2026-09-08,17,close_before,2026-09-08 16:59:00-07:00,1.0,True,335.28
GOOG,2026-09-09,4,open_after,2026-09-09 04:00:00-07:00,0.0,True,332.18
GOOG,2026-09-09,4,close_before,2026-09-09 04:00:00-07:00,0.0,True,332.0
GOOG,2026-09-09,5,open_after,2026-09-09 05:00:00-07:00,0.0,True,328.74
GOOG,2026-09-09,5,close_before,2026-09-09 05:00:00-07:00,0.0,True,328.61
GOOG,2026-09-09,6,open_after,2026-09-09 06:00:00-07:00,0.0,True,329.04
GOOG,2026-09-09,6,close_before,2026-09-09 06:00:00-07:00,0.0,True,328.98
GOOG,2026-09-09,7,open_after,2026-09-09 07:00:00-07:00,0.0,True,327.15
GOOG,2026-09-09,7,close_before,2026-09-09 07:00:00-07:00,0.0,True,327.16
GOOG,2026-09-09,8,open_after,2026-09-09 08:00:00-07:00,0.0,True,327.375
GOOG,2026-09-09,8,close_before,2026-09-09 08:00:00-07:00,0.0,True,327.34
GOOG,2026-09-09,9,open_after,2026-09-09 09:00:00-07:00,0.0,True,327.27
GOOG,2026-09-09,9,close_before,2026-09-09 09:00:00-07:00,0.0,True,327.3
GOOG,2026-09-09,10,open_after,2026-09-09 10:00:00-07:00,0.0,True,327.91
GOOG,2026-09-09,10,close_before,2026-09-09 10:00:00-07:00,0.0,True,327.93
GOOG,2026-09-09,11,open_after,2026-09-09 11:00:00-07:00,0.0,True,328.46
GOOG,2026-09-09,11,close_before,2026-09-09 11:00:00-07:00,0.0,True,328.49
GOOG,2026-09-09,12,open_after,2026-09-09 12:00:00-07:00,0.0,True,327.91
GOOG,2026-09-09,12,close_before,2026-09-09 12:00:00-07:00,0.0,True,327.92
GOOG,2026-09-09,13,open_after,2026-09-09 13:00:00-07:00,0.0,True,328.38
GOOG,2026-09-09,13,close_before,2026-09-09 13:00:00-07:00,0.0,True,328.38
GOOG,2026-09-09,14,open_after,2026-09-09 14:00:00-07:00,0.0,True,328.96
GOOG,2026-09-09,14,close_before,2026-09-09 14:00:00-07:00,0.0,True,329.0
GOOG,2026-09-09,15,open_after,2026-09-09 15:01:00-07:00,1.0,True,328.97
GOOG,2026-09-09,15,close_before,2026-09-09 14:58:00-07:00,2.0,True,328.9
GOOG,2026-09-09,16,open_after,2026-09-09 16:00:00-07:00,0.0,True,328.7
GOOG,2026-09-09,16,close_before,2026-09-09 15:56:00-07:00,4.0,True,328.75
GOOG,2026-09-09,17,open_after,,,False,
GOOG,2026-09-09,17,close_before,2026-09-09 17:00:00-07:00,0.0,True,328.75
GOOG,2026-09-10,4,open_after,2026-09-10 04:00:00-07:00,0.0,True,329.19
GOOG,2026-09-10,4,close_before,2026-09-10 03:59:00-07:00,1.0,True,329.4
GOOG,2026-09-10,5,open_after,2026-09-10 05:00:00-07:00,0.0,True,328.84
GOOG,2026-09-10,5,close_before,2026-09-10 05:00:00-07:00,0.0,True,328.8
GOOG,2026-09-10,6,open_after,2026-09-10 06:00:00-07:00,0.0,True,326.19
GOOG,2026-09-10,6,close_before,2026-09-10 06:00:00-07:00,0.0,True,326.09
GOOG,2026-09-10,7,open_after,2026-09-10 07:00:00-07:00,0.0,True,326.09
GOOG,2026-09-10,7,close_before,2026-09-10 07:00:00-07:00,0.0,True,326.07
GOOG,2026-09-10,8,open_after,2026-09-10 08:00:00-07:00,0.0,True,328.7
GOOG,2026-09-10,8,close_before,2026-09-10 08:00:00-07:00,0.0,True,328.72
GOOG,2026-09-10,9,open_after,2026-09-10 09:00:00-07:00,0.0,True,327.52
GOOG,2026-09-10,9,close_before,2026-09-10 09:00:00-07:00,0.0,True,327.54
GOOG,2026-09-10,10,open_after,2026-09-10 10:00:00-07:00,0.0,True,329.55
GOOG,2026-09-10,10,close_before,2026-09-10 10:00:00-07:00,0.0,True,329.56
GOOG,2026-09-10,11,open_after,2026-09-10 11:00:00-07:00,0.0,True,329.57
GOOG,2026-09-10,11,close_before,2026-09-10 11:00:00-07:00,0.0,True,329.59
GOOG,2026-09-10,12,open_after,2026-09-10 12:00:00-07:00,0.0,True,329.82
GOOG,2026-09-10,12,close_before,2026-09-10 12:00:00-07:00,0.0,True,329.83
GOOG,2026-09-10,13,open_after,2026-09-10 13:00:00-07:00,0.0,True,330.48
GOOG,2026-09-10,13,close_before,2026-09-10 13:00:00-07:00,0.0,True,330.46
GOOG,2026-09-10,14,open_after,2026-09-10 14:02:00-07:00,2.0,True,329.93
GOOG,2026-09-10,14,close_before,2026-09-10 14:00:00-07:00,0.0,True,329.84
GOOG,2026-09-10,15,open_after,2026-09-10 15:00:00-07:00,0.0,True,329.51
GOOG,2026-09-10,15,close_before,2026-09-10 14:58:00-07:00,2.0,True,329.48
GOOG,2026-09-10,16,open_after,2026-09-10 16:02:00-07:00,2.0,True,329.49
GOOG,2026-09-10,16,close_before,2026-09-10 15:57:00-07:00,3.0,True,329.5
GOOG,2026-09-10,17,open_after,,,False,
GOOG,2026-09-10,17,close_before,2026-09-10 16:59:00-07:00,1.0,True,328.92
GOOG,2026-09-11,4,open_after,2026-09-11 04:00:00-07:00,0.0,True,332.01
GOOG,2026-09-11,4,close_before,2026-09-11 04:00:00-07:00,0.0,True,332.11
GOOG,2026-09-11,5,open_after,2026-09-11 05:00:00-07:00,0.0,True,332.08
GOOG,2026-09-11,5,close_before,2026-09-11 04:59:00-07:00,1.0,True,332.08
GOOG,2026-09-11,6,open_after,2026-09-11 06:00:00-07:00,0.0,True,333.15
GOOG,2026-09-11,6,close_before,2026-09-11 06:00:00-07:00,0.0,True,333.16
GOOG,2026-09-11,7,open_after,2026-09-11 07:00:00-07:00,0.0,True,335.89
GOOG,2026-09-11,7,close_before,2026-09-11 07:00:00-07:00,0.0,True,335.92
GOOG,2026-09-11,8,open_after,2026-09-11 08:00:00-07:00,0.0,True,337.32
GOOG,2026-09-11,8,close_before,2026-09-11 08:00:00-07:00,0.0,True,337.32
GOOG,2026-09-11,9,open_after,2026-09-11 09:00:00-07:00,0.0,True,338.44
GOOG,2026-09-11,9,close_before,2026-09-11 09:00:00-07:00,0.0,True,338.49
GOOG,2026-09-11,10,open_after,2026-09-11 10:00:00-07:00,0.0,True,337.66
GOOG,2026-09-11,10,close_before,2026-09-11 10:00:00-07:00,0.0,True,337.65
GOOG,2026-09-11,11,open_after,2026-09-11 11:00:00-07:00,0.0,True,337.06
GOOG,2026-09-11,11,close_before,2026-09-11 11:00:00-07:00,0.0,True,337.08
GOOG,2026-09-11,12,open_after,2026-09-11 12:00:00-07:00,0.0,True,335.86
GOOG,2026-09-11,12,close_before,2026-09-11 12:00:00-07:00,0.0,True,335.85
GOOG,2026-09-11,13,open_after,2026-09-11 13:00:00-07:00,0.0,True,335.45
GOOG,2026-09-11,13,close_before,2026-09-11 13:00:00-07:00,0.0,True,335.49
GOOG,2026-09-11,14,open_after,2026-09-11 14:02:00-07:00,2.0,True,335.76
GOOG,2026-09-11,14,close_before,2026-09-11 13:59:00-07:00,1.0,True,335.83
GOOG,2026-09-11,15,open_after,2026-09-11 15:03:00-07:00,3.0,True,335.7
GOOG,2026-09-11,15,close_before,2026-09-11 15:00:00-07:00,0.0,True,335.7
GOOG,2026-09-11,16,open_after,2026-09-11 16:00:00-07:00,0.0,True,335.39
GOOG,2026-09-11,16,close_before,2026-09-11 16:00:00-07:00,0.0,True,335.4
GOOG,2026-09-11,17,open_after,,,False,
GOOG,2026-09-11,17,close_before,2026-09-11 17:00:00-07:00,0.0,True,335.47
MU,2026-09-08,4,open_after,2026-09-08 04:00:00-07:00,0.0,True,1034.0
MU,2026-09-08,4,close_before,2026-09-08 04:00:00-07:00,0.0,True,1034.22
MU,2026-09-08,5,open_after,2026-09-08 05:00:00-07:00,0.0,True,1025.11
MU,2026-09-08,5,close_before,2026-09-08 05:00:00-07:00,0.0,True,1025.18
MU,2026-09-08,6,open_after,2026-09-08 06:00:00-07:00,0.0,True,1032.89
MU,2026-09-08,6,close_before,2026-09-08 06:00:00-07:00,0.0,True,1032.93
MU,2026-09-08,7,open_after,2026-09-08 07:00:00-07:00,0.0,True,1022.6
MU,2026-09-08,7,close_before,2026-09-08 07:00:00-07:00,0.0,True,1022.51
MU,2026-09-08,8,open_after,2026-09-08 08:00:00-07:00,0.0,True,1016.59
MU,2026-09-08,8,close_before,2026-09-08 08:00:00-07:00,0.0,True,1016.59
MU,2026-09-08,9,open_after,2026-09-08 09:00:00-07:00,0.0,True,1024.38
MU,2026-09-08,9,close_before,2026-09-08 09:00:00-07:00,0.0,True,1024.32
MU,2026-09-08,10,open_after,2026-09-08 10:00:00-07:00,0.0,True,1015.965
MU,2026-09-08,10,close_before,2026-09-08 10:00:00-07:00,0.0,True,1015.93
MU,2026-09-08,11,open_after,2026-09-08 11:00:00-07:00,0.0,True,1016.73
MU,2026-09-08,11,close_before,2026-09-08 11:00:00-07:00,0.0,True,1016.625
MU,2026-09-08,12,open_after,2026-09-08 12:00:00-07:00,0.0,True,1014.31
MU,2026-09-08,12,close_before,2026-09-08 12:00:00-07:00,0.0,True,1014.25
MU,2026-09-08,13,open_after,2026-09-08 13:00:00-07:00,0.0,True,1000.6
MU,2026-09-08,13,close_before,2026-09-08 13:00:00-07:00,0.0,True,1000.6
MU,2026-09-08,14,open_after,2026-09-08 14:00:00-07:00,0.0,True,1004.0
MU,2026-09-08,14,close_before,2026-09-08 14:00:00-07:00,0.0,True,1004.0
MU,2026-09-08,15,open_after,2026-09-08 15:00:00-07:00,0.0,True,1004.29
MU,2026-09-08,15,close_before,2026-09-08 15:00:00-07:00,0.0,True,1004.0
MU,2026-09-08,16,open_after,2026-09-08 16:00:00-07:00,0.0,True,1005.75
MU,2026-09-08,16,close_before,2026-09-08 16:00:00-07:00,0.0,True,1005.75
MU,2026-09-08,17,open_after,,,False,
MU,2026-09-08,17,close_before,2026-09-08 17:00:00-07:00,0.0,True,1001.2
MU,2026-09-09,4,open_after,2026-09-09 04:00:00-07:00,0.0,True,996.02
MU,2026-09-09,4,close_before,2026-09-09 04:00:00-07:00,0.0,True,996.24
MU,2026-09-09,5,open_after,2026-09-09 05:00:00-07:00,0.0,True,997.19
MU,2026-09-09,5,close_before,2026-09-09 05:00:00-07:00,0.0,True,996.93
MU,2026-09-09,6,open_after,2026-09-09 06:00:00-07:00,0.0,True,996.11
MU,2026-09-09,6,close_before,2026-09-09 06:00:00-07:00,0.0,True,996.12
MU,2026-09-09,7,open_after,2026-09-09 07:00:00-07:00,0.0,True,1034.17
MU,2026-09-09,7,close_before,2026-09-09 07:00:00-07:00,0.0,True,1034.14
MU,2026-09-09,8,open_after,2026-09-09 08:00:00-07:00,0.0,True,1034.41
MU,2026-09-09,8,close_before,2026-09-09 08:00:00-07:00,0.0,True,1034.18
MU,2026-09-09,9,open_after,2026-09-09 09:00:00-07:00,0.0,True,1024.07
MU,2026-09-09,9,close_before,2026-09-09 09:00:00-07:00,0.0,True,1024.25
MU,2026-09-09,10,open_after,2026-09-09 10:00:00-07:00,0.0,True,1021.5
MU,2026-09-09,10,close_before,2026-09-09 10:00:00-07:00,0.0,True,1021.5
MU,2026-09-09,11,open_after,2026-09-09 11:00:00-07:00,0.0,True,1023.57
MU,2026-09-09,11,close_before,2026-09-09 11:00:00-07:00,0.0,True,1023.57
MU,2026-09-09,12,open_after,2026-09-09 12:00:00-07:00,0.0,True,1024.1
MU,2026-09-09,12,close_before,2026-09-09 12:00:00-07:00,0.0,True,1024.14
MU,2026-09-09,13,open_after,2026-09-09 13:00:00-07:00,0.0,True,1027.48
MU,2026-09-09,13,close_before,2026-09-09 13:00:00-07:00,0.0,True,1027.48
MU,2026-09-09,14,open_after,2026-09-09 14:00:00-07:00,0.0,True,1026.79
MU,2026-09-09,14,close_before,2026-09-09 14:00:00-07:00,0.0,True,1026.77
MU,2026-09-09,15,open_after,2026-09-09 15:00:00-07:00,0.0,True,1025.58
MU,2026-09-09,15,close_before,2026-09-09 15:00:00-07:00,0.0,True,1025.58
MU,2026-09-09,16,open_after,2026-09-09 16:00:00-07:00,0.0,True,1023.62
MU,2026-09-09,16,close_before,2026-09-09 16:00:00-07:00,0.0,True,1023.51
MU,2026-09-09,17,open_after,,,False,
MU,2026-09-09,17,close_before,2026-09-09 17:00:00-07:00,0.0,True,1026.03
MU,2026-09-10,4,open_after,2026-09-10 04:00:00-07:00,0.0,True,1014.34
MU,2026-09-10,4,close_before,2026-09-10 04:00:00-07:00,0.0,True,1014.0
MU,2026-09-10,5,open_after,2026-09-10 05:00:00-07:00,0.0,True,1008.8
MU,2026-09-10,5,close_before,2026-09-10 05:00:00-07:00,0.0,True,1008.49
MU,2026-09-10,6,open_after,2026-09-10 06:00:00-07:00,0.0,True,998.0
MU,2026-09-10,6,close_before,2026-09-10 06:00:00-07:00,0.0,True,997.79
MU,2026-09-10,7,open_after,2026-09-10 07:00:00-07:00,0.0,True,985.0
MU,2026-09-10,7,close_before,2026-09-10 07:00:00-07:00,0.0,True,985.0
MU,2026-09-10,8,open_after,2026-09-10 08:00:00-07:00,0.0,True,985.57
MU,2026-09-10,8,close_before,2026-09-10 08:00:00-07:00,0.0,True,985.42
MU,2026-09-10,9,open_after,2026-09-10 09:00:00-07:00,0.0,True,983.51
MU,2026-09-10,9,close_before,2026-09-10 09:00:00-07:00,0.0,True,983.52
MU,2026-09-10,10,open_after,2026-09-10 10:00:00-07:00,0.0,True,980.22
MU,2026-09-10,10,close_before,2026-09-10 10:00:00-07:00,0.0,True,980.26
MU,2026-09-10,11,open_after,2026-09-10 11:00:00-07:00,0.0,True,980.75
MU,2026-09-10,11,close_before,2026-09-10 11:00:00-07:00,0.0,True,980.85
MU,2026-09-10,12,open_after,2026-09-10 12:00:00-07:00,0.0,True,982.74
MU,2026-09-10,12,close_before,2026-09-10 12:00:00-07:00,0.0,True,983.02
MU,2026-09-10,13,open_after,2026-09-10 13:00:00-07:00,0.0,True,977.41
MU,2026-09-10,13,close_before,2026-09-10 13:00:00-07:00,0.0,True,980.67
MU,2026-09-10,14,open_after,2026-09-10 14:00:00-07:00,0.0,True,977.7
MU,2026-09-10,14,close_before,2026-09-10 14:00:00-07:00,0.0,True,977.3
MU,2026-09-10,15,open_after,2026-09-10 15:00:00-07:00,0.0,True,978.49
MU,2026-09-10,15,close_before,2026-09-10 15:00:00-07:00,0.0,True,978.41
MU,2026-09-10,16,open_after,2026-09-10 16:00:00-07:00,0.0,True,975.48
MU,2026-09-10,16,close_before,2026-09-10 16:00:00-07:00,0.0,True,975.4
MU,2026-09-10,17,open_after,,,False,
MU,2026-09-10,17,close_before,2026-09-10 17:00:00-07:00,0.0,True,971.4
MU,2026-09-11,4,open_after,2026-09-11 04:00:00-07:00,0.0,True,985.43
MU,2026-09-11,4,close_before,2026-09-11 04:00:00-07:00,0.0,True,985.43
MU,2026-09-11,5,open_after,2026-09-11 05:00:00-07:00,0.0,True,988.0
MU,2026-09-11,5,close_before,2026-09-11 05:00:00-07:00,0.0,True,988.0
MU,2026-09-11,6,open_after,2026-09-11 06:00:00-07:00,0.0,True,994.55
MU,2026-09-11,6,close_before,2026-09-11 06:00:00-07:00,0.0,True,994.25
MU,2026-09-11,7,open_after,2026-09-11 07:00:00-07:00,0.0,True,975.71
MU,2026-09-11,7,close_before,2026-09-11 07:00:00-07:00,0.0,True,975.71
MU,2026-09-11,8,open_after,2026-09-11 08:00:00-07:00,0.0,True,973.685
MU,2026-09-11,8,close_before,2026-09-11 08:00:00-07:00,0.0,True,973.78
MU,2026-09-11,9,open_after,2026-09-11 09:00:00-07:00,0.0,True,979.29
MU,2026-09-11,9,close_before,2026-09-11 09:00:00-07:00,0.0,True,979.35
MU,2026-09-11,10,open_after,2026-09-11 10:00:00-07:00,0.0,True,976.71
MU,2026-09-11,10,close_before,2026-09-11 10:00:00-07:00,0.0,True,976.59
MU,2026-09-11,11,open_after,2026-09-11 11:00:00-07:00,0.0,True,977.175
MU,2026-09-11,11,close_before,2026-09-11 11:00:00-07:00,0.0,True,977.01
MU,2026-09-11,12,open_after,2026-09-11 12:00:00-07:00,0.0,True,974.76
MU,2026-09-11,12,close_before,2026-09-11 12:00:00-07:00,0.0,True,974.68
MU,2026-09-11,13,open_after,2026-09-11 13:00:00-07:00,0.0,True,974.97
MU,2026-09-11,13,close_before,2026-09-11 13:00:00-07:00,0.0,True,974.94
MU,2026-09-11,14,open_after,2026-09-11 14:00:00-07:00,0.0,True,974.84
MU,2026-09-11,14,close_before,2026-09-11 14:00:00-07:00,0.0,True,974.86
MU,2026-09-11,15,open_after,2026-09-11 15:00:00-07:00,0.0,True,974.16
MU,2026-09-11,15,close_before,2026-09-11 15:00:00-07:00,0.0,True,974.28
MU,2026-09-11,16,open_after,2026-09-11 16:01:00-07:00,1.0,True,974.3
MU,2026-09-11,16,close_before,2026-09-11 16:00:00-07:00,0.0,True,974.5
MU,2026-09-11,17,open_after,,,False,
MU,2026-09-11,17,close_before,2026-09-11 17:00:00-07:00,0.0,True,975.39
NVDA,2026-09-08,4,open_after,2026-09-08 04:00:00-07:00,0.0,True,231.19
NVDA,2026-09-08,4,close_before,2026-09-08 04:00:00-07:00,0.0,True,231.18
NVDA,2026-09-08,5,open_after,2026-09-08 05:00:00-07:00,0.0,True,231.69
NVDA,2026-09-08,5,close_before,2026-09-08 05:00:00-07:00,0.0,True,231.66
NVDA,2026-09-08,6,open_after,2026-09-08 06:00:00-07:00,0.0,True,232.23
NVDA,2026-09-08,6,close_before,2026-09-08 06:00:00-07:00,0.0,True,232.24
NVDA,2026-09-08,7,open_after,2026-09-08 07:00:00-07:00,0.0,True,229.57
NVDA,2026-09-08,7,close_before,2026-09-08 07:00:00-07:00,0.0,True,229.61
NVDA,2026-09-08,8,open_after,2026-09-08 08:00:00-07:00,0.0,True,227.055
NVDA,2026-09-08,8,close_before,2026-09-08 08:00:00-07:00,0.0,True,227.05
NVDA,2026-09-08,9,open_after,2026-09-08 09:00:00-07:00,0.0,True,226.27
NVDA,2026-09-08,9,close_before,2026-09-08 09:00:00-07:00,0.0,True,226.26
NVDA,2026-09-08,10,open_after,2026-09-08 10:00:00-07:00,0.0,True,225.75
NVDA,2026-09-08,10,close_before,2026-09-08 10:00:00-07:00,0.0,True,225.75
NVDA,2026-09-08,11,open_after,2026-09-08 11:00:00-07:00,0.0,True,225.765
NVDA,2026-09-08,11,close_before,2026-09-08 11:00:00-07:00,0.0,True,225.77
NVDA,2026-09-08,12,open_after,2026-09-08 12:00:00-07:00,0.0,True,225.675
NVDA,2026-09-08,12,close_before,2026-09-08 12:00:00-07:00,0.0,True,225.675
NVDA,2026-09-08,13,open_after,2026-09-08 13:00:00-07:00,0.0,True,225.79
NVDA,2026-09-08,13,close_before,2026-09-08 13:00:00-07:00,0.0,True,225.79
NVDA,2026-09-08,14,open_after,2026-09-08 14:00:00-07:00,0.0,True,225.76
NVDA,2026-09-08,14,close_before,2026-09-08 14:00:00-07:00,0.0,True,225.75
NVDA,2026-09-08,15,open_after,2026-09-08 15:00:00-07:00,0.0,True,225.57
NVDA,2026-09-08,15,close_before,2026-09-08 15:00:00-07:00,0.0,True,225.6
NVDA,2026-09-08,16,open_after,2026-09-08 16:02:00-07:00,2.0,True,225.98
NVDA,2026-09-08,16,close_before,2026-09-08 15:59:00-07:00,1.0,True,225.95
NVDA,2026-09-08,17,open_after,,,False,
NVDA,2026-09-08,17,close_before,2026-09-08 17:00:00-07:00,0.0,True,225.21
NVDA,2026-09-09,4,open_after,2026-09-09 04:00:00-07:00,0.0,True,224.39
NVDA,2026-09-09,4,close_before,2026-09-09 04:00:00-07:00,0.0,True,224.39
NVDA,2026-09-09,5,open_after,2026-09-09 05:00:00-07:00,0.0,True,224.88
NVDA,2026-09-09,5,close_before,2026-09-09 05:00:00-07:00,0.0,True,224.89
NVDA,2026-09-09,6,open_after,2026-09-09 06:00:00-07:00,0.0,True,224.57
NVDA,2026-09-09,6,close_before,2026-09-09 06:00:00-07:00,0.0,True,224.62
NVDA,2026-09-09,7,open_after,2026-09-09 07:00:00-07:00,0.0,True,224.87
NVDA,2026-09-09,7,close_before,2026-09-09 07:00:00-07:00,0.0,True,224.87
NVDA,2026-09-09,8,open_after,2026-09-09 08:00:00-07:00,0.0,True,224.47
NVDA,2026-09-09,8,close_before,2026-09-09 08:00:00-07:00,0.0,True,224.47
NVDA,2026-09-09,9,open_after,2026-09-09 09:00:00-07:00,0.0,True,224.44
NVDA,2026-09-09,9,close_before,2026-09-09 09:00:00-07:00,0.0,True,224.44
NVDA,2026-09-09,10,open_after,2026-09-09 10:00:00-07:00,0.0,True,224.045
NVDA,2026-09-09,10,close_before,2026-09-09 10:00:00-07:00,0.0,True,224.05
NVDA,2026-09-09,11,open_after,2026-09-09 11:00:00-07:00,0.0,True,224.23
NVDA,2026-09-09,11,close_before,2026-09-09 11:00:00-07:00,0.0,True,224.24
NVDA,2026-09-09,12,open_after,2026-09-09 12:00:00-07:00,0.0,True,223.68
NVDA,2026-09-09,12,close_before,2026-09-09 12:00:00-07:00,0.0,True,223.67
NVDA,2026-09-09,13,open_after,2026-09-09 13:00:00-07:00,0.0,True,223.76
NVDA,2026-09-09,13,close_before,2026-09-09 13:00:00-07:00,0.0,True,223.75
NVDA,2026-09-09,14,open_after,2026-09-09 14:00:00-07:00,0.0,True,223.69
NVDA,2026-09-09,14,close_before,2026-09-09 13:59:00-07:00,1.0,True,223.68
NVDA,2026-09-09,15,open_after,2026-09-09 15:00:00-07:00,0.0,True,223.6
NVDA,2026-09-09,15,close_before,2026-09-09 15:00:00-07:00,0.0,True,223.57
NVDA,2026-09-09,16,open_after,2026-09-09 16:00:00-07:00,0.0,True,223.52
NVDA,2026-09-09,16,close_before,2026-09-09 16:00:00-07:00,0.0,True,223.52
NVDA,2026-09-09,17,open_after,,,False,
NVDA,2026-09-09,17,close_before,2026-09-09 16:57:00-07:00,3.0,True,223.56
NVDA,2026-09-10,4,open_after,2026-09-10 04:00:00-07:00,0.0,True,223.12
NVDA,2026-09-10,4,close_before,2026-09-10 03:58:00-07:00,2.0,True,223.04
NVDA,2026-09-10,5,open_after,2026-09-10 05:00:00-07:00,0.0,True,222.22
NVDA,2026-09-10,5,close_before,2026-09-10 05:00:00-07:00,0.0,True,222.19
NVDA,2026-09-10,6,open_after,2026-09-10 06:00:00-07:00,0.0,True,220.28
NVDA,2026-09-10,6,close_before,2026-09-10 06:00:00-07:00,0.0,True,220.25
NVDA,2026-09-10,7,open_after,2026-09-10 07:00:00-07:00,0.0,True,217.39
NVDA,2026-09-10,7,close_before,2026-09-10 07:00:00-07:00,0.0,True,217.39
NVDA,2026-09-10,8,open_after,2026-09-10 08:00:00-07:00,0.0,True,218.145
NVDA,2026-09-10,8,close_before,2026-09-10 08:00:00-07:00,0.0,True,218.145
NVDA,2026-09-10,9,open_after,2026-09-10 09:00:00-07:00,0.0,True,218.8
NVDA,2026-09-10,9,close_before,2026-09-10 09:00:00-07:00,0.0,True,218.79
NVDA,2026-09-10,10,open_after,2026-09-10 10:00:00-07:00,0.0,True,218.76
NVDA,2026-09-10,10,close_before,2026-09-10 10:00:00-07:00,0.0,True,218.76
NVDA,2026-09-10,11,open_after,2026-09-10 11:00:00-07:00,0.0,True,218.37
NVDA,2026-09-10,11,close_before,2026-09-10 11:00:00-07:00,0.0,True,218.375
NVDA,2026-09-10,12,open_after,2026-09-10 12:00:00-07:00,0.0,True,218.23
NVDA,2026-09-10,12,close_before,2026-09-10 12:00:00-07:00,0.0,True,218.24
NVDA,2026-09-10,13,open_after,2026-09-10 13:00:00-07:00,0.0,True,218.4
NVDA,2026-09-10,13,close_before,2026-09-10 13:00:00-07:00,0.0,True,218.4
NVDA,2026-09-10,14,open_after,2026-09-10 14:00:00-07:00,0.0,True,218.46
NVDA,2026-09-10,14,close_before,2026-09-10 14:00:00-07:00,0.0,True,218.38
NVDA,2026-09-10,15,open_after,2026-09-10 15:00:00-07:00,0.0,True,218.73
NVDA,2026-09-10,15,close_before,2026-09-10 15:00:00-07:00,0.0,True,218.75
NVDA,2026-09-10,16,open_after,2026-09-10 16:00:00-07:00,0.0,True,218.36
NVDA,2026-09-10,16,close_before,2026-09-10 16:00:00-07:00,0.0,True,218.36
NVDA,2026-09-10,17,open_after,,,False,
NVDA,2026-09-10,17,close_before,2026-09-10 17:00:00-07:00,0.0,True,217.79
NVDA,2026-09-11,4,open_after,2026-09-11 04:00:00-07:00,0.0,True,220.15
NVDA,2026-09-11,4,close_before,2026-09-11 04:00:00-07:00,0.0,True,220.16
NVDA,2026-09-11,5,open_after,2026-09-11 05:00:00-07:00,0.0,True,219.66
NVDA,2026-09-11,5,close_before,2026-09-11 05:00:00-07:00,0.0,True,219.59
NVDA,2026-09-11,6,open_after,2026-09-11 06:00:00-07:00,0.0,True,221.28
NVDA,2026-09-11,6,close_before,2026-09-11 06:00:00-07:00,0.0,True,221.3
NVDA,2026-09-11,7,open_after,2026-09-11 07:00:00-07:00,0.0,True,221.62
NVDA,2026-09-11,7,close_before,2026-09-11 07:00:00-07:00,0.0,True,221.61
NVDA,2026-09-11,8,open_after,2026-09-11 08:00:00-07:00,0.0,True,219.47
NVDA,2026-09-11,8,close_before,2026-09-11 08:00:00-07:00,0.0,True,219.47
NVDA,2026-09-11,9,open_after,2026-09-11 09:00:00-07:00,0.0,True,219.68
NVDA,2026-09-11,9,close_before,2026-09-11 09:00:00-07:00,0.0,True,219.7
NVDA,2026-09-11,10,open_after,2026-09-11 10:00:00-07:00,0.0,True,219.11
NVDA,2026-09-11,10,close_before,2026-09-11 10:00:00-07:00,0.0,True,219.11
NVDA,2026-09-11,11,open_after,2026-09-11 11:00:00-07:00,0.0,True,219.14
NVDA,2026-09-11,11,close_before,2026-09-11 11:00:00-07:00,0.0,True,219.15
NVDA,2026-09-11,12,open_after,2026-09-11 12:00:00-07:00,0.0,True,219.34
NVDA,2026-09-11,12,close_before,2026-09-11 12:00:00-07:00,0.0,True,219.34
NVDA,2026-09-11,13,open_after,2026-09-11 13:00:00-07:00,0.0,True,218.17
NVDA,2026-09-11,13,close_before,2026-09-11 13:00:00-07:00,0.0,True,218.18
NVDA,2026-09-11,14,open_after,2026-09-11 14:00:00-07:00,0.0,True,218.39
NVDA,2026-09-11,14,close_before,2026-09-11 14:00:00-07:00,0.0,True,218.38
NVDA,2026-09-11,15,open_after,2026-09-11 15:03:00-07:00,3.0,True,218.35
NVDA,2026-09-11,15,close_before,2026-09-11 15:00:00-07:00,0.0,True,218.37
NVDA,2026-09-11,16,open_after,2026-09-11 16:00:00-07:00,0.0,True,218.22
NVDA,2026-09-11,16,close_before,2026-09-11 16:00:00-07:00,0.0,True,218.22
NVDA,2026-09-11,17,open_after,,,False,
NVDA,2026-09-11,17,close_before,2026-09-11 16:55:00-07:00,5.0,True,218.19
SNDK,2026-09-08,4,open_after,2026-09-08 04:00:00-07:00,0.0,True,1771.99
SNDK,2026-09-08,4,close_before,2026-09-08 04:00:00-07:00,0.0,True,1772.52
SNDK,2026-09-08,5,open_after,2026-09-08 05:00:00-07:00,0.0,True,1747.2
SNDK,2026-09-08,5,close_before,2026-09-08 05:00:00-07:00,0.0,True,1747.26
SNDK,2026-09-08,6,open_after,2026-09-08 06:00:00-07:00,0.0,True,1760.0
SNDK,2026-09-08,6,close_before,2026-09-08 06:00:00-07:00,0.0,True,1760.25
SNDK,2026-09-08,7,open_after,2026-09-08 07:00:00-07:00,0.0,True,1780.61
SNDK,2026-09-08,7,close_before,2026-09-08 07:00:00-07:00,0.0,True,1780.485
SNDK,2026-09-08,8,open_after,2026-09-08 08:00:00-07:00,0.0,True,1779.89
SNDK,2026-09-08,8,close_before,2026-09-08 08:00:00-07:00,0.0,True,1779.44
SNDK,2026-09-08,9,open_after,2026-09-08 09:00:00-07:00,0.0,True,1799.0
SNDK,2026-09-08,9,close_before,2026-09-08 09:00:00-07:00,0.0,True,1799.0
SNDK,2026-09-08,10,open_after,2026-09-08 10:00:00-07:00,0.0,True,1778.905
SNDK,2026-09-08,10,close_before,2026-09-08 10:00:00-07:00,0.0,True,1778.67
SNDK,2026-09-08,11,open_after,2026-09-08 11:00:00-07:00,0.0,True,1789.2
SNDK,2026-09-08,11,close_before,2026-09-08 11:00:00-07:00,0.0,True,1789.0
SNDK,2026-09-08,12,open_after,2026-09-08 12:00:00-07:00,0.0,True,1792.2
SNDK,2026-09-08,12,close_before,2026-09-08 12:00:00-07:00,0.0,True,1791.825
SNDK,2026-09-08,13,open_after,2026-09-08 13:00:00-07:00,0.0,True,1737.99
SNDK,2026-09-08,13,close_before,2026-09-08 13:00:00-07:00,0.0,True,1737.85
SNDK,2026-09-08,14,open_after,2026-09-08 14:00:00-07:00,0.0,True,1745.45
SNDK,2026-09-08,14,close_before,2026-09-08 14:00:00-07:00,0.0,True,1745.4
SNDK,2026-09-08,15,open_after,2026-09-08 15:00:00-07:00,0.0,True,1746.0
SNDK,2026-09-08,15,close_before,2026-09-08 15:00:00-07:00,0.0,True,1747.0
SNDK,2026-09-08,16,open_after,2026-09-08 16:00:00-07:00,0.0,True,1749.23
SNDK,2026-09-08,16,close_before,2026-09-08 16:00:00-07:00,0.0,True,1749.0
SNDK,2026-09-08,17,open_after,,,False,
SNDK,2026-09-08,17,close_before,2026-09-08 17:00:00-07:00,0.0,True,1743.19
SNDK,2026-09-09,4,open_after,2026-09-09 04:00:00-07:00,0.0,True,1732.03
SNDK,2026-09-09,4,close_before,2026-09-09 04:00:00-07:00,0.0,True,1732.03
SNDK,2026-09-09,5,open_after,2026-09-09 05:00:00-07:00,0.0,True,1730.54
SNDK,2026-09-09,5,close_before,2026-09-09 05:00:00-07:00,0.0,True,1730.55
SNDK,2026-09-09,6,open_after,2026-09-09 06:00:00-07:00,0.0,True,1729.3
SNDK,2026-09-09,6,close_before,2026-09-09 06:00:00-07:00,0.0,True,1729.79
SNDK,2026-09-09,7,open_after,2026-09-09 07:00:00-07:00,0.0,True,1791.58
SNDK,2026-09-09,7,close_before,2026-09-09 07:00:00-07:00,0.0,True,1792.0
SNDK,2026-09-09,8,open_after,2026-09-09 08:00:00-07:00,0.0,True,1790.78
SNDK,2026-09-09,8,close_before,2026-09-09 08:00:00-07:00,0.0,True,1790.3
SNDK,2026-09-09,9,open_after,2026-09-09 09:00:00-07:00,0.0,True,1766.38
SNDK,2026-09-09,9,close_before,2026-09-09 09:00:00-07:00,0.0,True,1766.66
SNDK,2026-09-09,10,open_after,2026-09-09 10:00:00-07:00,0.0,True,1777.68
SNDK,2026-09-09,10,close_before,2026-09-09 10:00:00-07:00,0.0,True,1777.84
SNDK,2026-09-09,11,open_after,2026-09-09 11:00:00-07:00,0.0,True,1770.52
SNDK,2026-09-09,11,close_before,2026-09-09 11:00:00-07:00,0.0,True,1770.1
SNDK,2026-09-09,12,open_after,2026-09-09 12:00:00-07:00,0.0,True,1759.9
SNDK,2026-09-09,12,close_before,2026-09-09 12:00:00-07:00,0.0,True,1759.58
SNDK,2026-09-09,13,open_after,2026-09-09 13:00:00-07:00,0.0,True,1764.14
SNDK,2026-09-09,13,close_before,2026-09-09 13:00:00-07:00,0.0,True,1763.97
SNDK,2026-09-09,14,open_after,2026-09-09 14:00:00-07:00,0.0,True,1764.4
SNDK,2026-09-09,14,close_before,2026-09-09 14:00:00-07:00,0.0,True,1764.4
SNDK,2026-09-09,15,open_after,2026-09-09 15:00:00-07:00,0.0,True,1762.31
SNDK,2026-09-09,15,close_before,2026-09-09 15:00:00-07:00,0.0,True,1762.31
SNDK,2026-09-09,16,open_after,2026-09-09 16:00:00-07:00,0.0,True,1759.57
SNDK,2026-09-09,16,close_before,2026-09-09 16:00:00-07:00,0.0,True,1758.5
SNDK,2026-09-09,17,open_after,,,False,
SNDK,2026-09-09,17,close_before,2026-09-09 17:00:00-07:00,0.0,True,1763.55
SNDK,2026-09-10,4,open_after,2026-09-10 04:00:00-07:00,0.0,True,1747.91
SNDK,2026-09-10,4,close_before,2026-09-10 03:59:00-07:00,1.0,True,1748.01
SNDK,2026-09-10,5,open_after,2026-09-10 05:00:00-07:00,0.0,True,1738.0
SNDK,2026-09-10,5,close_before,2026-09-10 05:00:00-07:00,0.0,True,1737.13
SNDK,2026-09-10,6,open_after,2026-09-10 06:00:00-07:00,0.0,True,1718.19
SNDK,2026-09-10,6,close_before,2026-09-10 06:00:00-07:00,0.0,True,1717.32
SNDK,2026-09-10,7,open_after,2026-09-10 07:00:00-07:00,0.0,True,1690.3
SNDK,2026-09-10,7,close_before,2026-09-10 07:00:00-07:00,0.0,True,1690.35
SNDK,2026-09-10,8,open_after,2026-09-10 08:00:00-07:00,0.0,True,1692.84
SNDK,2026-09-10,8,close_before,2026-09-10 08:00:00-07:00,0.0,True,1692.38
SNDK,2026-09-10,9,open_after,2026-09-10 09:00:00-07:00,0.0,True,1698.32
SNDK,2026-09-10,9,close_before,2026-09-10 09:00:00-07:00,0.0,True,1698.47
SNDK,2026-09-10,10,open_after,2026-09-10 10:00:00-07:00,0.0,True,1692.14
SNDK,2026-09-10,10,close_before,2026-09-10 10:00:00-07:00,0.0,True,1692.91
SNDK,2026-09-10,11,open_after,2026-09-10 11:00:00-07:00,0.0,True,1708.82
SNDK,2026-09-10,11,close_before,2026-09-10 11:00:00-07:00,0.0,True,1708.83
SNDK,2026-09-10,12,open_after,2026-09-10 12:00:00-07:00,0.0,True,1710.0
SNDK,2026-09-10,12,close_before,2026-09-10 12:00:00-07:00,0.0,True,1710.42
SNDK,2026-09-10,13,open_after,2026-09-10 13:00:00-07:00,0.0,True,1693.85
SNDK,2026-09-10,13,close_before,2026-09-10 13:00:00-07:00,0.0,True,1693.71
SNDK,2026-09-10,14,open_after,2026-09-10 14:00:00-07:00,0.0,True,1689.1
SNDK,2026-09-10,14,close_before,2026-09-10 14:00:00-07:00,0.0,True,1688.7
SNDK,2026-09-10,15,open_after,2026-09-10 15:00:00-07:00,0.0,True,1689.6
SNDK,2026-09-10,15,close_before,2026-09-10 15:00:00-07:00,0.0,True,1689.39
SNDK,2026-09-10,16,open_after,2026-09-10 16:00:00-07:00,0.0,True,1683.69
SNDK,2026-09-10,16,close_before,2026-09-10 16:00:00-07:00,0.0,True,1683.02
SNDK,2026-09-10,17,open_after,,,False,
SNDK,2026-09-10,17,close_before,2026-09-10 17:00:00-07:00,0.0,True,1676.0
SNDK,2026-09-11,4,open_after,2026-09-11 04:00:00-07:00,0.0,True,1699.36
SNDK,2026-09-11,4,close_before,2026-09-11 04:00:00-07:00,0.0,True,1699.0
SNDK,2026-09-11,5,open_after,2026-09-11 05:00:00-07:00,0.0,True,1702.8
SNDK,2026-09-11,5,close_before,2026-09-11 05:00:00-07:00,0.0,True,1703.0
SNDK,2026-09-11,6,open_after,2026-09-11 06:00:00-07:00,0.0,True,1723.84
SNDK,2026-09-11,6,close_before,2026-09-11 06:00:00-07:00,0.0,True,1723.47
SNDK,2026-09-11,7,open_after,2026-09-11 07:00:00-07:00,0.0,True,1630.47
SNDK,2026-09-11,7,close_before,2026-09-11 07:00:00-07:00,0.0,True,1630.9
SNDK,2026-09-11,8,open_after,2026-09-11 08:00:00-07:00,0.0,True,1634.63
SNDK,2026-09-11,8,close_before,2026-09-11 08:00:00-07:00,0.0,True,1635.02
SNDK,2026-09-11,9,open_after,2026-09-11 09:00:00-07:00,0.0,True,1640.95
SNDK,2026-09-11,9,close_before,2026-09-11 09:00:00-07:00,0.0,True,1640.51
SNDK,2026-09-11,10,open_after,2026-09-11 10:00:00-07:00,0.0,True,1632.36
SNDK,2026-09-11,10,close_before,2026-09-11 10:00:00-07:00,0.0,True,1632.88
SNDK,2026-09-11,11,open_after,2026-09-11 11:00:00-07:00,0.0,True,1634.24
SNDK,2026-09-11,11,close_before,2026-09-11 11:00:00-07:00,0.0,True,1633.81
SNDK,2026-09-11,12,open_after,2026-09-11 12:00:00-07:00,0.0,True,1632.72
SNDK,2026-09-11,12,close_before,2026-09-11 12:00:00-07:00,0.0,True,1632.72
SNDK,2026-09-11,13,open_after,2026-09-11 13:00:00-07:00,0.0,True,1633.24
SNDK,2026-09-11,13,close_before,2026-09-11 13:00:00-07:00,0.0,True,1633.67
SNDK,2026-09-11,14,open_after,2026-09-11 14:00:00-07:00,0.0,True,1630.24
SNDK,2026-09-11,14,close_before,2026-09-11 14:00:00-07:00,0.0,True,1630.02
SNDK,2026-09-11,15,open_after,2026-09-11 15:00:00-07:00,0.0,True,1629.03
SNDK,2026-09-11,15,close_before,2026-09-11 14:58:00-07:00,2.0,True,1629.01
SNDK,2026-09-11,16,open_after,2026-09-11 16:00:00-07:00,0.0,True,1630.19
SNDK,2026-09-11,16,close_before,2026-09-11 16:00:00-07:00,0.0,True,1630.19
SNDK,2026-09-11,17,open_after,,,False,
SNDK,2026-09-11,17,close_before,2026-09-11 17:00:00-07:00,0.0,True,1631.2
COST,2026-09-08,4,open_after,2026-09-08 04:00:00-07:00,0.0,True,912.93
COST,2026-09-08,4,close_before,2026-09-08 03:48:00-07:00,12.0,False,911.21
COST,2026-09-08,5,open_after,2026-09-08 05:12:00-07:00,12.0,False,913.21
COST,2026-09-08,5,close_before,2026-09-08 04:35:00-07:00,25.0,False,914.34
COST,2026-09-08,6,open_after,2026-09-08 06:00:00-07:00,0.0,True,915.09
COST,2026-09-08,6,close_before,2026-09-08 05:59:00-07:00,1.0,True,914.8
COST,2026-09-08,7,open_after,2026-09-08 07:00:00-07:00,0.0,True,911.93
COST,2026-09-08,7,close_before,2026-09-08 07:00:00-07:00,0.0,True,911.78
COST,2026-09-08,8,open_after,2026-09-08 08:00:00-07:00,0.0,True,910.28
COST,2026-09-08,8,close_before,2026-09-08 08:00:00-07:00,0.0,True,910.41
COST,2026-09-08,9,open_after,2026-09-08 09:00:00-07:00,0.0,True,906.8
COST,2026-09-08,9,close_before,2026-09-08 09:00:00-07:00,0.0,True,906.82
COST,2026-09-08,10,open_after,2026-09-08 10:00:00-07:00,0.0,True,908.25
COST,2026-09-08,10,close_before,2026-09-08 10:00:00-07:00,0.0,True,908.33
COST,2026-09-08,11,open_after,2026-09-08 11:00:00-07:00,0.0,True,909.83
COST,2026-09-08,11,close_before,2026-09-08 11:00:00-07:00,0.0,True,909.94
COST,2026-09-08,12,open_after,2026-09-08 12:00:00-07:00,0.0,True,909.23
COST,2026-09-08,12,close_before,2026-09-08 12:00:00-07:00,0.0,True,909.25
COST,2026-09-08,13,open_after,2026-09-08 13:00:00-07:00,0.0,True,910.13
COST,2026-09-08,13,close_before,2026-09-08 13:00:00-07:00,0.0,True,910.13
COST,2026-09-08,14,open_after,2026-09-08 14:00:00-07:00,0.0,True,910.2
COST,2026-09-08,14,close_before,2026-09-08 14:00:00-07:00,0.0,True,910.08
COST,2026-09-08,15,open_after,2026-09-08 15:01:00-07:00,1.0,True,910.25
COST,2026-09-08,15,close_before,2026-09-08 14:57:00-07:00,3.0,True,910.27
COST,2026-09-08,16,open_after,2026-09-08 16:02:00-07:00,2.0,True,910.18
COST,2026-09-08,16,close_before,2026-09-08 15:52:00-07:00,8.0,False,910.39
COST,2026-09-08,17,open_after,,,False,
COST,2026-09-08,17,close_before,2026-09-08 16:59:00-07:00,1.0,True,909.24
COST,2026-09-09,4,open_after,2026-09-09 04:01:00-07:00,1.0,True,909.89
COST,2026-09-09,4,close_before,2026-09-09 04:00:00-07:00,0.0,True,909.84
COST,2026-09-09,5,open_after,2026-09-09 05:02:00-07:00,2.0,True,910.3
COST,2026-09-09,5,close_before,2026-09-09 04:57:00-07:00,3.0,True,910.27
COST,2026-09-09,6,open_after,2026-09-09 06:06:00-07:00,6.0,False,910.98
COST,2026-09-09,6,close_before,2026-09-09 05:56:00-07:00,4.0,True,910.42
COST,2026-09-09,7,open_after,2026-09-09 07:00:00-07:00,0.0,True,906.43
COST,2026-09-09,7,close_before,2026-09-09 07:00:00-07:00,0.0,True,906.44
COST,2026-09-09,8,open_after,2026-09-09 08:00:00-07:00,0.0,True,904.02
COST,2026-09-09,8,close_before,2026-09-09 08:00:00-07:00,0.0,True,904.04
COST,2026-09-09,9,open_after,2026-09-09 09:00:00-07:00,0.0,True,900.9
COST,2026-09-09,9,close_before,2026-09-09 09:00:00-07:00,0.0,True,900.91
COST,2026-09-09,10,open_after,2026-09-09 10:00:00-07:00,0.0,True,898.99
COST,2026-09-09,10,close_before,2026-09-09 10:00:00-07:00,0.0,True,898.99
COST,2026-09-09,11,open_after,2026-09-09 11:00:00-07:00,0.0,True,899.74
COST,2026-09-09,11,close_before,2026-09-09 11:00:00-07:00,0.0,True,899.7
COST,2026-09-09,12,open_after,2026-09-09 12:00:00-07:00,0.0,True,900.4
COST,2026-09-09,12,close_before,2026-09-09 12:00:00-07:00,0.0,True,900.4
COST,2026-09-09,13,open_after,2026-09-09 13:00:00-07:00,0.0,True,902.6
COST,2026-09-09,13,close_before,2026-09-09 13:00:00-07:00,0.0,True,902.37
COST,2026-09-09,14,open_after,2026-09-09 14:05:00-07:00,5.0,True,902.87
COST,2026-09-09,14,close_before,2026-09-09 13:59:00-07:00,1.0,True,902.78
COST,2026-09-09,15,open_after,2026-09-09 15:09:00-07:00,9.0,False,902.7
COST,2026-09-09,15,close_before,2026-09-09 14:57:00-07:00,3.0,True,902.69
COST,2026-09-09,16,open_after,2026-09-09 16:09:00-07:00,9.0,False,902.68
COST,2026-09-09,16,close_before,2026-09-09 16:00:00-07:00,0.0,True,902.67
COST,2026-09-09,17,open_after,,,False,
COST,2026-09-09,17,close_before,2026-09-09 16:58:00-07:00,2.0,True,902.78
COST,2026-09-10,4,open_after,2026-09-10 04:00:00-07:00,0.0,True,903.38
COST,2026-09-10,4,close_before,2026-09-10 03:55:00-07:00,5.0,True,903.29
COST,2026-09-10,5,open_after,2026-09-10 05:01:00-07:00,1.0,True,904.25
COST,2026-09-10,5,close_before,2026-09-10 04:56:00-07:00,4.0,True,904.3
COST,2026-09-10,6,open_after,2026-09-10 06:02:00-07:00,2.0,True,908.84
COST,2026-09-10,6,close_before,2026-09-10 06:00:00-07:00,0.0,True,908.06
COST,2026-09-10,7,open_after,2026-09-10 07:00:00-07:00,0.0,True,908.5
COST,2026-09-10,7,close_before,2026-09-10 07:00:00-07:00,0.0,True,908.81
COST,2026-09-10,8,open_after,2026-09-10 08:00:00-07:00,0.0,True,901.62
COST,2026-09-10,8,close_before,2026-09-10 08:00:00-07:00,0.0,True,901.65
COST,2026-09-10,9,open_after,2026-09-10 09:00:00-07:00,0.0,True,902.84
COST,2026-09-10,9,close_before,2026-09-10 09:00:00-07:00,0.0,True,902.94
COST,2026-09-10,10,open_after,2026-09-10 10:00:00-07:00,0.0,True,903.69
COST,2026-09-10,10,close_before,2026-09-10 10:00:00-07:00,0.0,True,903.76
COST,2026-09-10,11,open_after,2026-09-10 11:00:00-07:00,0.0,True,900.07
COST,2026-09-10,11,close_before,2026-09-10 11:00:00-07:00,0.0,True,900.17
COST,2026-09-10,12,open_after,2026-09-10 12:00:00-07:00,0.0,True,900.8
COST,2026-09-10,12,close_before,2026-09-10 12:00:00-07:00,0.0,True,900.96
COST,2026-09-10,13,open_after,2026-09-10 13:00:00-07:00,0.0,True,902.32
COST,2026-09-10,13,close_before,2026-09-10 13:00:00-07:00,0.0,True,902.38
COST,2026-09-10,14,open_after,2026-09-10 14:01:00-07:00,1.0,True,902.32
COST,2026-09-10,14,close_before,2026-09-10 13:52:00-07:00,8.0,False,902.22
COST,2026-09-10,15,open_after,2026-09-10 15:07:00-07:00,7.0,False,902.21
COST,2026-09-10,15,close_before,2026-09-10 14:58:00-07:00,2.0,True,902.04
COST,2026-09-10,16,open_after,2026-09-10 16:00:00-07:00,0.0,True,902.36
COST,2026-09-10,16,close_before,2026-09-10 15:44:00-07:00,16.0,False,902.36
COST,2026-09-10,17,open_after,,,False,
COST,2026-09-10,17,close_before,2026-09-10 16:47:00-07:00,13.0,False,902.2
COST,2026-09-11,4,open_after,2026-09-11 04:00:00-07:00,0.0,True,904.67
COST,2026-09-11,4,close_before,2026-09-11 03:57:00-07:00,3.0,True,904.87
COST,2026-09-11,5,open_after,2026-09-11 05:01:00-07:00,1.0,True,905.25
COST,2026-09-11,5,close_before,2026-09-11 04:44:00-07:00,16.0,False,905.21
COST,2026-09-11,6,open_after,2026-09-11 06:00:00-07:00,0.0,True,906.88
COST,2026-09-11,6,close_before,2026-09-11 05:59:00-07:00,1.0,True,906.75
COST,2026-09-11,7,open_after,2026-09-11 07:00:00-07:00,0.0,True,903.65
COST,2026-09-11,7,close_before,2026-09-11 07:00:00-07:00,0.0,True,903.65
COST,2026-09-11,8,open_after,2026-09-11 08:00:00-07:00,0.0,True,902.92
COST,2026-09-11,8,close_before,2026-09-11 08:00:00-07:00,0.0,True,902.89
COST,2026-09-11,9,open_after,2026-09-11 09:00:00-07:00,0.0,True,903.35
COST,2026-09-11,9,close_before,2026-09-11 09:00:00-07:00,0.0,True,903.37
COST,2026-09-11,10,open_after,2026-09-11 10:00:00-07:00,0.0,True,903.87
COST,2026-09-11,10,close_before,2026-09-11 10:00:00-07:00,0.0,True,904.0
COST,2026-09-11,11,open_after,2026-09-11 11:00:00-07:00,0.0,True,904.1
COST,2026-09-11,11,close_before,2026-09-11 11:00:00-07:00,0.0,True,904.02
COST,2026-09-11,12,open_after,2026-09-11 12:01:00-07:00,1.0,True,903.41
COST,2026-09-11,12,close_before,2026-09-11 12:00:00-07:00,0.0,True,903.56
COST,2026-09-11,13,open_after,2026-09-11 13:00:00-07:00,0.0,True,904.46
COST,2026-09-11,13,close_before,2026-09-11 13:00:00-07:00,0.0,True,904.75
COST,2026-09-11,14,open_after,2026-09-11 14:08:00-07:00,8.0,False,904.8
COST,2026-09-11,14,close_before,2026-09-11 13:46:00-07:00,14.0,False,904.65
COST,2026-09-11,15,open_after,2026-09-11 15:14:00-07:00,14.0,False,904.82
COST,2026-09-11,15,close_before,2026-09-11 14:52:00-07:00,8.0,False,904.53
COST,2026-09-11,16,open_after,2026-09-11 16:59:00-07:00,59.0,False,904.99
COST,2026-09-11,16,close_before,2026-09-11 15:38:00-07:00,22.0,False,904.69
COST,2026-09-11,17,open_after,,,False,
COST,2026-09-11,17,close_before,2026-09-11 17:00:00-07:00,0.0,True,904.99
